{
  "project_info": {
    "project_number": "404076086012",
    "firebase_url": "https://hospital-mgmt-1e680.firebaseio.com/",
    "project_id": "hospital-mgmt-1e680",
    "storage_bucket": "hospital-mgmt-1e680.appspot.com"
  },
  "client": [
    {
      "client_info": {
        "mobilesdk_app_id": "1:404076086012:android:3247c576691e5588",
        "android_client_info": {
          "package_name": "com.example.hospital_mgmt"
        }
      },
      "oauth_client": [
        {
          "client_id": "404076086012-feuit8iuvovauul63aqtl6ukc296a6li.apps.googleusercontent.com",
          "client_type": 3
        }
      ],
      "api_key": [
        {
          "current_key": "AIzaSyCNKg-5HdbxhF3FOHH3A-hvVA0jCL_VloE"
        }
      ],
      "services": {
        "analytics_service": {
          "status": 1
        },
        "appinvite_service": {
          "status": 1,
          "other_platform_oauth_client": []
        },
        "ads_service": {
          "status": 2
        }
      }
    }
  ],
  "configuration_version": "1"
}